{
    "metadata": {
        "name": "Sáng Tác Việt Local",
        "author": "iChickn",
        "version": 15,
        "source": "https://sangtacviet.app",
        "regexp": "(www.)?sangtacviet.app/truyen/([a-zA-Z0-9])+/\\d+/\\d+/?$",
        "description": "Chuyển sang host mới!",
        "locale": "vi-VN",
        "language": "javascript",
        "type": "novel"
    },
    "script": {
        "home": "home.js",
        "genre": "genre.js",
        "search": "search.js",
        "detail": "detail.js",
        "toc": "toc.js",
        "chap": "chap.js"
    }
}