{
  "metadata": {
    "name": "Cứu Truyện",
    "author": "vBook",
    "version": 2,
    "source": "https://cuutruyen.net",
    "regexp": "(www.)?cuutruyen.net/mangas/\\d+/?",
    "description": "Đọc truyện trên trang Cứu Truyện - Thêm tab Genres",
    "local": "vi-VN",
    "language": "javascript",
    "type": "comic"
  },
  "script": {
    "home": "home.js",
    "genre": "genre.js",
    "detail": "detail.js",
    "search": "search.js",
    "toc": "toc.js",
    "chap": "chap.js"
  }
}